-- MySQL dump 10.13  Distrib 9.6.0, for macos26.2 (arm64)
--
-- Host: localhost    Database: bastion
-- ------------------------------------------------------
-- Server version	9.6.0

/*!40101 SET @OLD_CHARACTER_SET_CLIENT=@@CHARACTER_SET_CLIENT */;
/*!40101 SET @OLD_CHARACTER_SET_RESULTS=@@CHARACTER_SET_RESULTS */;
/*!40101 SET @OLD_COLLATION_CONNECTION=@@COLLATION_CONNECTION */;
/*!50503 SET NAMES utf8mb4 */;
/*!40103 SET @OLD_TIME_ZONE=@@TIME_ZONE */;
/*!40103 SET TIME_ZONE='+00:00' */;
/*!40014 SET @OLD_UNIQUE_CHECKS=@@UNIQUE_CHECKS, UNIQUE_CHECKS=0 */;
/*!40014 SET @OLD_FOREIGN_KEY_CHECKS=@@FOREIGN_KEY_CHECKS, FOREIGN_KEY_CHECKS=0 */;
/*!40101 SET @OLD_SQL_MODE=@@SQL_MODE, SQL_MODE='NO_AUTO_VALUE_ON_ZERO' */;
/*!40111 SET @OLD_SQL_NOTES=@@SQL_NOTES, SQL_NOTES=0 */;
SET @MYSQLDUMP_TEMP_LOG_BIN = @@SESSION.SQL_LOG_BIN;
SET @@SESSION.SQL_LOG_BIN= 0;

--
-- GTID state at the beginning of the backup 
--

SET @@GLOBAL.GTID_PURGED=/*!80000 '+'*/ '0855d6a4-0ff7-11f1-bccb-73833684f642:1-253';

--
-- Table structure for table `audit_logs`
--

DROP TABLE IF EXISTS `audit_logs`;
/*!40101 SET @saved_cs_client     = @@character_set_client */;
/*!50503 SET character_set_client = utf8mb4 */;
CREATE TABLE `audit_logs` (
  `id` int NOT NULL AUTO_INCREMENT,
  `user_id` int DEFAULT NULL,
  `file_id` int DEFAULT NULL,
  `action_type` varchar(50) NOT NULL,
  `ip_address` varchar(45) DEFAULT NULL,
  `action_time` datetime DEFAULT CURRENT_TIMESTAMP,
  PRIMARY KEY (`id`),
  KEY `idx_audit_file` (`file_id`),
  KEY `idx_audit_user` (`user_id`),
  CONSTRAINT `fk_audit_file` FOREIGN KEY (`file_id`) REFERENCES `files` (`id`) ON DELETE SET NULL,
  CONSTRAINT `fk_audit_user` FOREIGN KEY (`user_id`) REFERENCES `users` (`id`)
) ENGINE=InnoDB AUTO_INCREMENT=47 DEFAULT CHARSET=utf8mb4 COLLATE=utf8mb4_0900_ai_ci;
/*!40101 SET character_set_client = @saved_cs_client */;

--
-- Dumping data for table `audit_logs`
--

LOCK TABLES `audit_logs` WRITE;
/*!40000 ALTER TABLE `audit_logs` DISABLE KEYS */;
INSERT INTO `audit_logs` VALUES (6,2,NULL,'UPLOAD',NULL,NULL),(7,2,NULL,'UPLOAD',NULL,NULL),(8,2,5,'UPLOAD',NULL,'2026-02-25 14:13:32'),(9,2,NULL,'UPLOAD',NULL,'2026-02-25 14:45:37'),(10,2,NULL,'DELETE',NULL,'2026-02-25 14:45:55'),(11,2,NULL,'DELETE',NULL,'2026-02-25 14:46:02'),(12,2,NULL,'DELETE',NULL,'2026-02-25 14:53:21'),(13,2,5,'DELETE',NULL,'2026-02-25 14:53:25'),(14,2,NULL,'DELETE',NULL,'2026-02-25 14:54:17'),(15,2,7,'UPLOAD',NULL,'2026-02-25 14:59:19'),(16,2,NULL,'DELETE',NULL,'2026-02-25 15:01:04'),(17,2,8,'UPLOAD',NULL,'2026-02-25 15:01:18'),(18,2,9,'UPLOAD',NULL,'2026-02-25 15:06:10'),(19,1,10,'UPLOAD',NULL,'2026-02-25 15:20:03'),(20,1,11,'UPLOAD',NULL,'2026-02-25 15:20:54'),(21,1,12,'UPLOAD',NULL,'2026-02-25 15:24:37'),(22,2,14,'UPLOAD',NULL,'2026-02-25 15:37:05'),(23,2,18,'UPLOAD',NULL,'2026-02-25 15:40:30'),(24,2,19,'UPLOAD',NULL,'2026-02-25 15:41:11'),(25,NULL,NULL,'OPEN_INDEX','127.0.0.1','2026-02-25 15:58:08'),(26,2,NULL,'LOGIN','127.0.0.1','2026-02-25 15:58:32'),(27,2,NULL,'OPEN_DASHBOARD','127.0.0.1','2026-02-25 15:58:32'),(28,2,20,'UPLOAD','127.0.0.1','2026-02-25 15:59:31'),(29,2,NULL,'OPEN_DASHBOARD','127.0.0.1','2026-02-25 15:59:31'),(30,2,NULL,'OPEN_MYFILES','127.0.0.1','2026-02-25 15:59:45'),(31,2,NULL,'OPEN_DASHBOARD','127.0.0.1','2026-02-25 15:59:49'),(32,2,NULL,'OPEN_AUDIT_LOGS','127.0.0.1','2026-02-25 15:59:53'),(33,2,NULL,'OPEN_DASHBOARD','127.0.0.1','2026-02-25 15:59:57'),(34,2,NULL,'OPEN_PROFILE','127.0.0.1','2026-02-25 16:00:00'),(35,2,NULL,'OPEN_DASHBOARD','127.0.0.1','2026-02-25 16:00:01'),(36,2,NULL,'LOGOUT','127.0.0.1','2026-02-25 16:00:04'),(37,NULL,NULL,'OPEN_INDEX','127.0.0.1','2026-02-25 16:00:04'),(38,3,NULL,'SIGNUP','127.0.0.1','2026-02-25 16:00:23'),(39,3,NULL,'LOGIN','127.0.0.1','2026-02-25 16:00:30'),(40,3,NULL,'OPEN_DASHBOARD','127.0.0.1','2026-02-25 16:00:31'),(41,3,NULL,'OPEN_MYFILES','127.0.0.1','2026-02-25 16:00:33'),(42,3,NULL,'OPEN_DASHBOARD','127.0.0.1','2026-02-25 16:00:35'),(43,3,NULL,'OPEN_PROFILE','127.0.0.1','2026-02-25 16:00:36'),(44,3,NULL,'OPEN_DASHBOARD','127.0.0.1','2026-02-25 16:00:41'),(45,3,21,'UPLOAD','127.0.0.1','2026-02-25 16:00:54'),(46,3,NULL,'OPEN_DASHBOARD','127.0.0.1','2026-02-25 16:00:54');
/*!40000 ALTER TABLE `audit_logs` ENABLE KEYS */;
UNLOCK TABLES;

--
-- Table structure for table `auth_group`
--

DROP TABLE IF EXISTS `auth_group`;
/*!40101 SET @saved_cs_client     = @@character_set_client */;
/*!50503 SET character_set_client = utf8mb4 */;
CREATE TABLE `auth_group` (
  `id` int NOT NULL AUTO_INCREMENT,
  `name` varchar(150) NOT NULL,
  PRIMARY KEY (`id`),
  UNIQUE KEY `name` (`name`)
) ENGINE=InnoDB DEFAULT CHARSET=utf8mb4 COLLATE=utf8mb4_0900_ai_ci;
/*!40101 SET character_set_client = @saved_cs_client */;

--
-- Dumping data for table `auth_group`
--

LOCK TABLES `auth_group` WRITE;
/*!40000 ALTER TABLE `auth_group` DISABLE KEYS */;
/*!40000 ALTER TABLE `auth_group` ENABLE KEYS */;
UNLOCK TABLES;

--
-- Table structure for table `auth_group_permissions`
--

DROP TABLE IF EXISTS `auth_group_permissions`;
/*!40101 SET @saved_cs_client     = @@character_set_client */;
/*!50503 SET character_set_client = utf8mb4 */;
CREATE TABLE `auth_group_permissions` (
  `id` bigint NOT NULL AUTO_INCREMENT,
  `group_id` int NOT NULL,
  `permission_id` int NOT NULL,
  PRIMARY KEY (`id`),
  UNIQUE KEY `auth_group_permissions_group_id_permission_id_0cd325b0_uniq` (`group_id`,`permission_id`),
  KEY `auth_group_permissio_permission_id_84c5c92e_fk_auth_perm` (`permission_id`),
  CONSTRAINT `auth_group_permissio_permission_id_84c5c92e_fk_auth_perm` FOREIGN KEY (`permission_id`) REFERENCES `auth_permission` (`id`),
  CONSTRAINT `auth_group_permissions_group_id_b120cbf9_fk_auth_group_id` FOREIGN KEY (`group_id`) REFERENCES `auth_group` (`id`)
) ENGINE=InnoDB DEFAULT CHARSET=utf8mb4 COLLATE=utf8mb4_0900_ai_ci;
/*!40101 SET character_set_client = @saved_cs_client */;

--
-- Dumping data for table `auth_group_permissions`
--

LOCK TABLES `auth_group_permissions` WRITE;
/*!40000 ALTER TABLE `auth_group_permissions` DISABLE KEYS */;
/*!40000 ALTER TABLE `auth_group_permissions` ENABLE KEYS */;
UNLOCK TABLES;

--
-- Table structure for table `auth_permission`
--

DROP TABLE IF EXISTS `auth_permission`;
/*!40101 SET @saved_cs_client     = @@character_set_client */;
/*!50503 SET character_set_client = utf8mb4 */;
CREATE TABLE `auth_permission` (
  `id` int NOT NULL AUTO_INCREMENT,
  `name` varchar(255) NOT NULL,
  `content_type_id` int NOT NULL,
  `codename` varchar(100) NOT NULL,
  PRIMARY KEY (`id`),
  UNIQUE KEY `auth_permission_content_type_id_codename_01ab375a_uniq` (`content_type_id`,`codename`),
  CONSTRAINT `auth_permission_content_type_id_2f476e4b_fk_django_co` FOREIGN KEY (`content_type_id`) REFERENCES `django_content_type` (`id`)
) ENGINE=InnoDB AUTO_INCREMENT=25 DEFAULT CHARSET=utf8mb4 COLLATE=utf8mb4_0900_ai_ci;
/*!40101 SET character_set_client = @saved_cs_client */;

--
-- Dumping data for table `auth_permission`
--

LOCK TABLES `auth_permission` WRITE;
/*!40000 ALTER TABLE `auth_permission` DISABLE KEYS */;
INSERT INTO `auth_permission` VALUES (1,'Can add log entry',1,'add_logentry'),(2,'Can change log entry',1,'change_logentry'),(3,'Can delete log entry',1,'delete_logentry'),(4,'Can view log entry',1,'view_logentry'),(5,'Can add permission',3,'add_permission'),(6,'Can change permission',3,'change_permission'),(7,'Can delete permission',3,'delete_permission'),(8,'Can view permission',3,'view_permission'),(9,'Can add group',2,'add_group'),(10,'Can change group',2,'change_group'),(11,'Can delete group',2,'delete_group'),(12,'Can view group',2,'view_group'),(13,'Can add user',4,'add_user'),(14,'Can change user',4,'change_user'),(15,'Can delete user',4,'delete_user'),(16,'Can view user',4,'view_user'),(17,'Can add content type',5,'add_contenttype'),(18,'Can change content type',5,'change_contenttype'),(19,'Can delete content type',5,'delete_contenttype'),(20,'Can view content type',5,'view_contenttype'),(21,'Can add session',6,'add_session'),(22,'Can change session',6,'change_session'),(23,'Can delete session',6,'delete_session'),(24,'Can view session',6,'view_session');
/*!40000 ALTER TABLE `auth_permission` ENABLE KEYS */;
UNLOCK TABLES;

--
-- Table structure for table `auth_user`
--

DROP TABLE IF EXISTS `auth_user`;
/*!40101 SET @saved_cs_client     = @@character_set_client */;
/*!50503 SET character_set_client = utf8mb4 */;
CREATE TABLE `auth_user` (
  `id` int NOT NULL AUTO_INCREMENT,
  `password` varchar(128) NOT NULL,
  `last_login` datetime(6) DEFAULT NULL,
  `is_superuser` tinyint(1) NOT NULL,
  `username` varchar(150) NOT NULL,
  `first_name` varchar(150) NOT NULL,
  `last_name` varchar(150) NOT NULL,
  `email` varchar(254) NOT NULL,
  `is_staff` tinyint(1) NOT NULL,
  `is_active` tinyint(1) NOT NULL,
  `date_joined` datetime(6) NOT NULL,
  PRIMARY KEY (`id`),
  UNIQUE KEY `username` (`username`)
) ENGINE=InnoDB DEFAULT CHARSET=utf8mb4 COLLATE=utf8mb4_0900_ai_ci;
/*!40101 SET character_set_client = @saved_cs_client */;

--
-- Dumping data for table `auth_user`
--

LOCK TABLES `auth_user` WRITE;
/*!40000 ALTER TABLE `auth_user` DISABLE KEYS */;
/*!40000 ALTER TABLE `auth_user` ENABLE KEYS */;
UNLOCK TABLES;

--
-- Table structure for table `auth_user_groups`
--

DROP TABLE IF EXISTS `auth_user_groups`;
/*!40101 SET @saved_cs_client     = @@character_set_client */;
/*!50503 SET character_set_client = utf8mb4 */;
CREATE TABLE `auth_user_groups` (
  `id` bigint NOT NULL AUTO_INCREMENT,
  `user_id` int NOT NULL,
  `group_id` int NOT NULL,
  PRIMARY KEY (`id`),
  UNIQUE KEY `auth_user_groups_user_id_group_id_94350c0c_uniq` (`user_id`,`group_id`),
  KEY `auth_user_groups_group_id_97559544_fk_auth_group_id` (`group_id`),
  CONSTRAINT `auth_user_groups_group_id_97559544_fk_auth_group_id` FOREIGN KEY (`group_id`) REFERENCES `auth_group` (`id`),
  CONSTRAINT `auth_user_groups_user_id_6a12ed8b_fk_auth_user_id` FOREIGN KEY (`user_id`) REFERENCES `auth_user` (`id`)
) ENGINE=InnoDB DEFAULT CHARSET=utf8mb4 COLLATE=utf8mb4_0900_ai_ci;
/*!40101 SET character_set_client = @saved_cs_client */;

--
-- Dumping data for table `auth_user_groups`
--

LOCK TABLES `auth_user_groups` WRITE;
/*!40000 ALTER TABLE `auth_user_groups` DISABLE KEYS */;
/*!40000 ALTER TABLE `auth_user_groups` ENABLE KEYS */;
UNLOCK TABLES;

--
-- Table structure for table `auth_user_user_permissions`
--

DROP TABLE IF EXISTS `auth_user_user_permissions`;
/*!40101 SET @saved_cs_client     = @@character_set_client */;
/*!50503 SET character_set_client = utf8mb4 */;
CREATE TABLE `auth_user_user_permissions` (
  `id` bigint NOT NULL AUTO_INCREMENT,
  `user_id` int NOT NULL,
  `permission_id` int NOT NULL,
  PRIMARY KEY (`id`),
  UNIQUE KEY `auth_user_user_permissions_user_id_permission_id_14a6b632_uniq` (`user_id`,`permission_id`),
  KEY `auth_user_user_permi_permission_id_1fbb5f2c_fk_auth_perm` (`permission_id`),
  CONSTRAINT `auth_user_user_permi_permission_id_1fbb5f2c_fk_auth_perm` FOREIGN KEY (`permission_id`) REFERENCES `auth_permission` (`id`),
  CONSTRAINT `auth_user_user_permissions_user_id_a95ead1b_fk_auth_user_id` FOREIGN KEY (`user_id`) REFERENCES `auth_user` (`id`)
) ENGINE=InnoDB DEFAULT CHARSET=utf8mb4 COLLATE=utf8mb4_0900_ai_ci;
/*!40101 SET character_set_client = @saved_cs_client */;

--
-- Dumping data for table `auth_user_user_permissions`
--

LOCK TABLES `auth_user_user_permissions` WRITE;
/*!40000 ALTER TABLE `auth_user_user_permissions` DISABLE KEYS */;
/*!40000 ALTER TABLE `auth_user_user_permissions` ENABLE KEYS */;
UNLOCK TABLES;

--
-- Table structure for table `django_admin_log`
--

DROP TABLE IF EXISTS `django_admin_log`;
/*!40101 SET @saved_cs_client     = @@character_set_client */;
/*!50503 SET character_set_client = utf8mb4 */;
CREATE TABLE `django_admin_log` (
  `id` int NOT NULL AUTO_INCREMENT,
  `action_time` datetime(6) NOT NULL,
  `object_id` longtext,
  `object_repr` varchar(200) NOT NULL,
  `action_flag` smallint unsigned NOT NULL,
  `change_message` longtext NOT NULL,
  `content_type_id` int DEFAULT NULL,
  `user_id` int NOT NULL,
  PRIMARY KEY (`id`),
  KEY `django_admin_log_content_type_id_c4bce8eb_fk_django_co` (`content_type_id`),
  KEY `django_admin_log_user_id_c564eba6_fk_auth_user_id` (`user_id`),
  CONSTRAINT `django_admin_log_content_type_id_c4bce8eb_fk_django_co` FOREIGN KEY (`content_type_id`) REFERENCES `django_content_type` (`id`),
  CONSTRAINT `django_admin_log_user_id_c564eba6_fk_auth_user_id` FOREIGN KEY (`user_id`) REFERENCES `auth_user` (`id`),
  CONSTRAINT `django_admin_log_chk_1` CHECK ((`action_flag` >= 0))
) ENGINE=InnoDB DEFAULT CHARSET=utf8mb4 COLLATE=utf8mb4_0900_ai_ci;
/*!40101 SET character_set_client = @saved_cs_client */;

--
-- Dumping data for table `django_admin_log`
--

LOCK TABLES `django_admin_log` WRITE;
/*!40000 ALTER TABLE `django_admin_log` DISABLE KEYS */;
/*!40000 ALTER TABLE `django_admin_log` ENABLE KEYS */;
UNLOCK TABLES;

--
-- Table structure for table `django_content_type`
--

DROP TABLE IF EXISTS `django_content_type`;
/*!40101 SET @saved_cs_client     = @@character_set_client */;
/*!50503 SET character_set_client = utf8mb4 */;
CREATE TABLE `django_content_type` (
  `id` int NOT NULL AUTO_INCREMENT,
  `app_label` varchar(100) NOT NULL,
  `model` varchar(100) NOT NULL,
  PRIMARY KEY (`id`),
  UNIQUE KEY `django_content_type_app_label_model_76bd3d3b_uniq` (`app_label`,`model`)
) ENGINE=InnoDB AUTO_INCREMENT=7 DEFAULT CHARSET=utf8mb4 COLLATE=utf8mb4_0900_ai_ci;
/*!40101 SET character_set_client = @saved_cs_client */;

--
-- Dumping data for table `django_content_type`
--

LOCK TABLES `django_content_type` WRITE;
/*!40000 ALTER TABLE `django_content_type` DISABLE KEYS */;
INSERT INTO `django_content_type` VALUES (1,'admin','logentry'),(2,'auth','group'),(3,'auth','permission'),(4,'auth','user'),(5,'contenttypes','contenttype'),(6,'sessions','session');
/*!40000 ALTER TABLE `django_content_type` ENABLE KEYS */;
UNLOCK TABLES;

--
-- Table structure for table `django_migrations`
--

DROP TABLE IF EXISTS `django_migrations`;
/*!40101 SET @saved_cs_client     = @@character_set_client */;
/*!50503 SET character_set_client = utf8mb4 */;
CREATE TABLE `django_migrations` (
  `id` bigint NOT NULL AUTO_INCREMENT,
  `app` varchar(255) NOT NULL,
  `name` varchar(255) NOT NULL,
  `applied` datetime(6) NOT NULL,
  PRIMARY KEY (`id`)
) ENGINE=InnoDB AUTO_INCREMENT=19 DEFAULT CHARSET=utf8mb4 COLLATE=utf8mb4_0900_ai_ci;
/*!40101 SET character_set_client = @saved_cs_client */;

--
-- Dumping data for table `django_migrations`
--

LOCK TABLES `django_migrations` WRITE;
/*!40000 ALTER TABLE `django_migrations` DISABLE KEYS */;
INSERT INTO `django_migrations` VALUES (1,'contenttypes','0001_initial','2026-02-25 12:46:09.485561'),(2,'auth','0001_initial','2026-02-25 12:46:09.745772'),(3,'admin','0001_initial','2026-02-25 12:46:09.803411'),(4,'admin','0002_logentry_remove_auto_add','2026-02-25 12:46:09.809933'),(5,'admin','0003_logentry_add_action_flag_choices','2026-02-25 12:46:09.817419'),(6,'contenttypes','0002_remove_content_type_name','2026-02-25 12:46:09.869904'),(7,'auth','0002_alter_permission_name_max_length','2026-02-25 12:46:09.893092'),(8,'auth','0003_alter_user_email_max_length','2026-02-25 12:46:09.913664'),(9,'auth','0004_alter_user_username_opts','2026-02-25 12:46:09.919029'),(10,'auth','0005_alter_user_last_login_null','2026-02-25 12:46:09.940572'),(11,'auth','0006_require_contenttypes_0002','2026-02-25 12:46:09.941444'),(12,'auth','0007_alter_validators_add_error_messages','2026-02-25 12:46:09.946756'),(13,'auth','0008_alter_user_username_max_length','2026-02-25 12:46:09.971452'),(14,'auth','0009_alter_user_last_name_max_length','2026-02-25 12:46:09.992469'),(15,'auth','0010_alter_group_name_max_length','2026-02-25 12:46:10.001340'),(16,'auth','0011_update_proxy_permissions','2026-02-25 12:46:10.006780'),(17,'auth','0012_alter_user_first_name_max_length','2026-02-25 12:46:10.026038'),(18,'sessions','0001_initial','2026-02-25 12:46:10.032860');
/*!40000 ALTER TABLE `django_migrations` ENABLE KEYS */;
UNLOCK TABLES;

--
-- Table structure for table `django_session`
--

DROP TABLE IF EXISTS `django_session`;
/*!40101 SET @saved_cs_client     = @@character_set_client */;
/*!50503 SET character_set_client = utf8mb4 */;
CREATE TABLE `django_session` (
  `session_key` varchar(40) NOT NULL,
  `session_data` longtext NOT NULL,
  `expire_date` datetime(6) NOT NULL,
  PRIMARY KEY (`session_key`),
  KEY `django_session_expire_date_a5c62663` (`expire_date`)
) ENGINE=InnoDB DEFAULT CHARSET=utf8mb4 COLLATE=utf8mb4_0900_ai_ci;
/*!40101 SET character_set_client = @saved_cs_client */;

--
-- Dumping data for table `django_session`
--

LOCK TABLES `django_session` WRITE;
/*!40000 ALTER TABLE `django_session` DISABLE KEYS */;
INSERT INTO `django_session` VALUES ('hhohtvvrbttctqtmdp49k0ngkie85d70','eyJ1c2VyX2lkIjozfQ:1vvHJO:ugUKPaxZTYPEH_3bbsF1NMkgMUHVfhNaBGEBNbjXeeM','2026-03-11 16:00:30.455179');
/*!40000 ALTER TABLE `django_session` ENABLE KEYS */;
UNLOCK TABLES;

--
-- Table structure for table `file_versions`
--

DROP TABLE IF EXISTS `file_versions`;
/*!40101 SET @saved_cs_client     = @@character_set_client */;
/*!50503 SET character_set_client = utf8mb4 */;
CREATE TABLE `file_versions` (
  `id` int NOT NULL AUTO_INCREMENT,
  `file_id` int NOT NULL,
  `version_number` int NOT NULL,
  `file_path` varchar(500) NOT NULL,
  `file_size` bigint NOT NULL,
  `uploaded_at` datetime DEFAULT CURRENT_TIMESTAMP,
  PRIMARY KEY (`id`),
  UNIQUE KEY `file_id` (`file_id`,`version_number`),
  KEY `idx_file_versions` (`file_id`),
  CONSTRAINT `fk_versions_file` FOREIGN KEY (`file_id`) REFERENCES `files` (`id`) ON DELETE CASCADE
) ENGINE=InnoDB DEFAULT CHARSET=utf8mb4 COLLATE=utf8mb4_0900_ai_ci;
/*!40101 SET character_set_client = @saved_cs_client */;

--
-- Dumping data for table `file_versions`
--

LOCK TABLES `file_versions` WRITE;
/*!40000 ALTER TABLE `file_versions` DISABLE KEYS */;
/*!40000 ALTER TABLE `file_versions` ENABLE KEYS */;
UNLOCK TABLES;

--
-- Table structure for table `files`
--

DROP TABLE IF EXISTS `files`;
/*!40101 SET @saved_cs_client     = @@character_set_client */;
/*!50503 SET character_set_client = utf8mb4 */;
CREATE TABLE `files` (
  `id` int NOT NULL AUTO_INCREMENT,
  `file_name` varchar(255) NOT NULL,
  `file_size` bigint NOT NULL,
  `upload_time` datetime DEFAULT CURRENT_TIMESTAMP,
  `owner_id` int NOT NULL,
  `file_url` varchar(500) DEFAULT NULL,
  PRIMARY KEY (`id`),
  UNIQUE KEY `unique_user_file` (`owner_id`,`file_name`),
  KEY `idx_owner_deleted` (`owner_id`),
  CONSTRAINT `fk_files_owner` FOREIGN KEY (`owner_id`) REFERENCES `users` (`id`) ON DELETE CASCADE
) ENGINE=InnoDB AUTO_INCREMENT=22 DEFAULT CHARSET=utf8mb4 COLLATE=utf8mb4_0900_ai_ci;
/*!40101 SET character_set_client = @saved_cs_client */;

--
-- Dumping data for table `files`
--

LOCK TABLES `files` WRITE;
/*!40000 ALTER TABLE `files` DISABLE KEYS */;
INSERT INTO `files` VALUES (5,'Screenshot 2026-02-25 at 11.50.28AM.png',582088,'2026-02-25 14:13:32',2,NULL),(7,'python_project.zip',4970127,'2026-02-25 14:59:19',2,'https://myvault12708.s3.eu-north-1.amazonaws.com/user_2/python_project.zip'),(8,'Cloud_File_Management_System_Presentation.pptx',1821460,'2026-02-25 15:01:18',2,'https://myvault12708.s3.eu-north-1.amazonaws.com/user_2/Cloud_File_Management_System_Presentation.pptx'),(9,'bastion_db.sql',6410,'2026-02-25 15:06:10',2,'https://myvault12708.s3.amazonaws.com/uploads/bastion_db.sql'),(10,'Screenshot 2026-02-25 at 3.48.24PM.png',1752794,'2026-02-25 15:20:03',1,'https://myvault12708.s3.amazonaws.com/uploads/Screenshot 2026-02-25 at 3.48.24PM.png'),(11,'bastion_db.sql',6410,'2026-02-25 15:20:54',1,'https://myvault12708.s3.amazonaws.com/uploads/bastion_db.sql'),(12,'Screenshot 2026-02-25 at 3.28.00PM.png',1875710,'2026-02-25 15:24:37',1,'https://myvault12708.s3.amazonaws.com/uploads/Screenshot 2026-02-25 at 3.28.00PM.png'),(14,'Screenshot 2026-02-25 at 3.28.00PM.png',1875710,'2026-02-25 15:37:05',2,'https://myvault12708.s3.amazonaws.com/uploads/Screenshot 2026-02-25 at 3.28.00PM.png'),(18,'9afb87e338fc439c85fa3e3665fb0fdd_Python Assessment Questions (1).pdf',164013,'2026-02-25 15:40:30',2,'https://myvault12708.s3.amazonaws.com/uploads/9afb87e338fc439c85fa3e3665fb0fdd_Python Assessment Questions (1).pdf'),(19,'dashboard.html',4951,'2026-02-25 15:41:11',2,'https://myvault12708.s3.amazonaws.com/uploads/dashboard.html'),(20,'Cloud_File_Management_System_Presentation (2).pptx',1821460,'2026-02-25 15:59:31',2,'https://myvault12708.s3.amazonaws.com/uploads/Cloud_File_Management_System_Presentation (2).pptx'),(21,'Screenshot 2026-02-25 at 3.48.24PM (1).png',1752794,'2026-02-25 16:00:54',3,'https://myvault12708.s3.amazonaws.com/uploads/Screenshot 2026-02-25 at 3.48.24PM (1).png');
/*!40000 ALTER TABLE `files` ENABLE KEYS */;
UNLOCK TABLES;

--
-- Table structure for table `permissions`
--

DROP TABLE IF EXISTS `permissions`;
/*!40101 SET @saved_cs_client     = @@character_set_client */;
/*!50503 SET character_set_client = utf8mb4 */;
CREATE TABLE `permissions` (
  `id` int NOT NULL AUTO_INCREMENT,
  `file_id` int NOT NULL,
  `user_id` int NOT NULL,
  `permission_type` enum('read','write') NOT NULL,
  `expiry_time` datetime DEFAULT NULL,
  PRIMARY KEY (`id`),
  UNIQUE KEY `file_id` (`file_id`,`user_id`),
  KEY `fk_permissions_user` (`user_id`),
  CONSTRAINT `fk_permissions_file` FOREIGN KEY (`file_id`) REFERENCES `files` (`id`) ON DELETE CASCADE,
  CONSTRAINT `fk_permissions_user` FOREIGN KEY (`user_id`) REFERENCES `users` (`id`) ON DELETE CASCADE
) ENGINE=InnoDB DEFAULT CHARSET=utf8mb4 COLLATE=utf8mb4_0900_ai_ci;
/*!40101 SET character_set_client = @saved_cs_client */;

--
-- Dumping data for table `permissions`
--

LOCK TABLES `permissions` WRITE;
/*!40000 ALTER TABLE `permissions` DISABLE KEYS */;
/*!40000 ALTER TABLE `permissions` ENABLE KEYS */;
UNLOCK TABLES;

--
-- Table structure for table `users`
--

DROP TABLE IF EXISTS `users`;
/*!40101 SET @saved_cs_client     = @@character_set_client */;
/*!50503 SET character_set_client = utf8mb4 */;
CREATE TABLE `users` (
  `id` int NOT NULL AUTO_INCREMENT,
  `username` varchar(100) NOT NULL,
  `email` varchar(150) NOT NULL,
  `password` varchar(255) NOT NULL,
  `date_joined` datetime DEFAULT CURRENT_TIMESTAMP,
  `role` varchar(50) DEFAULT 'user',
  `storage_limit` bigint DEFAULT '104857600',
  PRIMARY KEY (`id`),
  UNIQUE KEY `username` (`username`),
  UNIQUE KEY `email` (`email`)
) ENGINE=InnoDB AUTO_INCREMENT=4 DEFAULT CHARSET=utf8mb4 COLLATE=utf8mb4_0900_ai_ci;
/*!40101 SET character_set_client = @saved_cs_client */;

--
-- Dumping data for table `users`
--

LOCK TABLES `users` WRITE;
/*!40000 ALTER TABLE `users` DISABLE KEYS */;
INSERT INTO `users` VALUES (1,'anand','anand@gmail.com','123456','2026-02-25 12:20:16','user',104857600),(2,'ayush','kumarayush12708@gmail.com','ayush763',NULL,NULL,NULL),(3,'devesh','devesh@gmail.com','123456','2026-02-25 16:00:23',NULL,NULL);
/*!40000 ALTER TABLE `users` ENABLE KEYS */;
UNLOCK TABLES;
SET @@SESSION.SQL_LOG_BIN = @MYSQLDUMP_TEMP_LOG_BIN;
/*!40103 SET TIME_ZONE=@OLD_TIME_ZONE */;

/*!40101 SET SQL_MODE=@OLD_SQL_MODE */;
/*!40014 SET FOREIGN_KEY_CHECKS=@OLD_FOREIGN_KEY_CHECKS */;
/*!40014 SET UNIQUE_CHECKS=@OLD_UNIQUE_CHECKS */;
/*!40101 SET CHARACTER_SET_CLIENT=@OLD_CHARACTER_SET_CLIENT */;
/*!40101 SET CHARACTER_SET_RESULTS=@OLD_CHARACTER_SET_RESULTS */;
/*!40101 SET COLLATION_CONNECTION=@OLD_COLLATION_CONNECTION */;
/*!40111 SET SQL_NOTES=@OLD_SQL_NOTES */;

-- Dump completed on 2026-02-25 21:52:09
